Estado,AÃ±o,Alcoholicos,Adictos_tabaco,Adictos_Marihuana,Habitantes
Alabama,2002,138,930,141,2812905
Alaska,2002,27,112,46,368460
Arizona,2002,258,1032,215,3329482
Arkansas,2002,101,660,104,1687337
California,2002,1298,4721,1670,21392421
Colorado,2002,211,836,300,2798960
Connecticut,2002,120,578,158,2235763
Delaware,2002,31,146,36,514059
District of Columbia,2002,31,109,40,372907
Florida,2002,620,3089,900,11066322
Georgia,2002,331,1617,331,5202846
Hawaii,2002,45,186,59,761280
Idaho,2002,52,216,42,794611
Illinois,2002,564,2373,462,7825956
Indiana,2002,230,1228,245,3788500
Iowa,2002,114,544,104,1847207
Kansas,2002,86,506,87,1645149
Kentucky,2002,125,1004,177,2605898
Louisiana,2002,169,850,154,2668243
Maine,2002,51,267,68,869560
Maryland,2002,226,928,237,3466746
Massachusetts,2002,301,1045,472,4201348
Michigan,2002,444,2036,539,6298792
Minnesota,2002,223,939,225,3154577
Mississippi,2002,91,611,80,1704672
Missouri,2002,213,1285,280,3550250
Montana,2002,48,188,52,578710
Nebraska,2002,79,304,67,1058402
Nevada,2002,95,503,115,1379759
New Hampshire,2002,59,256,94,830689
New Jersey,2002,278,1455,279,5586200
New Mexico,2002,90,316,81,1122984
New York,2002,727,3498,1010,12316861
North Carolina,2002,273,1868,315,5204654
North Dakota,2002,29,119,19,389658
Ohio,2002,457,2579,500,7182193
Oklahoma,2002,109,746,119,2120890
Oregon,2002,131,666,214,2261755
Pennsylvania,2002,427,2582,477,8009346
Rhode Island,2002,53,202,64,688500
South Carolina,2002,160,805,153,2574050
South Dakota,2002,36,150,23,459901
Tennessee,2002,171,1253,164,3699537
Texas,2002,780,3801,641,12788834
Utah,2002,67,245,48,1222045
Vermont,2002,24,115,41,403822
Virginia,2002,265,1309,259,4560096
Washington,2002,224,971,346,3825493
West Virginia,2002,60,435,63,1197550
Wisconsin,2002,253,988,192,3425585
Wyoming,2002,21,101,20,310110
Alabama,2003,135,994,156,2834977
Alaska,2003,23,106,43,370098
Arizona,2003,276,969,233,3424675
Arkansas,2003,86,612,103,1703727
California,2003,1336,4238,1625,21686129
Colorado,2003,220,828,269,2828830
Connecticut,2003,139,577,174,2259754
Delaware,2003,29,143,34,522123
District of Columbia,2003,33,106,39,367787
Florida,2003,662,3174,833,11277251
Georgia,2003,275,1634,360,5276693
Hawaii,2003,46,172,57,791438
Idaho,2003,52,206,45,815805
Illinois,2003,563,2436,541,7863343
Indiana,2003,223,1218,249,3816240
Iowa,2003,131,563,105,1860596
Kansas,2003,97,539,93,1655732
Kentucky,2003,137,992,195,2611452
Louisiana,2003,176,880,146,2685275
Maine,2003,54,273,70,875886
Maryland,2003,216,921,228,3492188
Massachusetts,2003,287,1025,414,4189790
Michigan,2003,385,2009,550,6328980
Minnesota,2003,220,907,231,3185052
Mississippi,2003,92,580,86,1720516
Missouri,2003,264,1275,288,3583670
Montana,2003,44,189,47,588167
Nebraska,2003,74,293,66,1065283
Nevada,2003,99,441,105,1437719
New Hampshire,2003,50,242,85,839848
New Jersey,2003,298,1340,290,5595385
New Mexico,2003,91,315,96,1142829
New York,2003,661,3379,970,12344264
North Carolina,2003,255,1800,321,5275688
North Dakota,2003,28,124,21,392000
Ohio,2003,420,2486,468,7227097
Oklahoma,2003,120,745,126,2144532
Oregon,2003,155,640,205,2296726
Pennsylvania,2003,475,2559,539,8027780
Rhode Island,2003,53,203,66,690482
South Carolina,2003,183,802,172,2594007
South Dakota,2003,35,154,26,464319
Tennessee,2003,199,1236,211,3743398
Texas,2003,774,3967,664,12992311
Utah,2003,64,257,56,1248593
Vermont,2003,25,114,38,408025
Virginia,2003,263,1344,275,4614672
Washington,2003,263,1029,310,3890656
West Virginia,2003,68,470,71,1205827
Wisconsin,2003,321,991,226,3459808
Wyoming,2003,23,98,21,315000
Alabama,2004,161,934,156,2871062
Alaska,2004,23,108,46,373429
Arizona,2004,273,923,232,3549522
Arkansas,2004,90,599,106,1729803
California,2004,1395,4459,1762,21850567
Colorado,2004,214,717,237,2865042
Connecticut,2004,152,569,212,2265842
Delaware,2004,28,156,37,534950
District of Columbia,2004,32,103,41,364207
Florida,2004,802,3316,766,11530104
Georgia,2004,278,1635,346,5412379
Hawaii,2004,43,170,62,796942
Idaho,2004,52,219,48,841609
Illinois,2004,530,2454,512,7910382
Indiana,2004,241,1254,224,3856681
Iowa,2004,117,560,93,1883725
Kansas,2004,113,539,110,1673455
Kentucky,2004,149,1005,184,2645240
Louisiana,2004,180,895,161,2712415
Maine,2004,53,263,72,884793
Maryland,2004,202,914,231,3512136
Massachusetts,2004,269,1106,332,4186567
Michigan,2004,399,2052,511,6354775
Minnesota,2004,230,896,261,3220581
Mississippi,2004,97,566,95,1747645
Missouri,2004,256,1290,257,3636194
Montana,2004,43,201,54,599979
Nebraska,2004,75,296,64,1077324
Nevada,2004,102,465,106,1493077
New Hampshire,2004,50,226,73,849273
New Jersey,2004,297,1383,339,5605723
New Mexico,2004,81,309,80,1167618
New York,2004,671,3342,1022,12371557
North Carolina,2004,316,1719,357,5379787
North Dakota,2004,28,122,20,398634
Ohio,2004,410,2391,483,7263612
Oklahoma,2004,131,709,118,2171414
Oregon,2004,144,659,219,2331124
Pennsylvania,2004,478,2509,586,8059411
Rhode Island,2004,45,192,63,691117
South Carolina,2004,190,867,168,2642693
South Dakota,2004,33,144,24,472172
Tennessee,2004,210,1349,274,3799709
Texas,2004,851,3992,700,13267576
Utah,2004,75,273,67,1304188
Vermont,2004,27,115,40,411991
Virginia,2004,276,1329,260,4680347
Washington,2004,268,1057,314,3955836
West Virginia,2004,64,498,73,1215454
Wisconsin,2004,277,1083,238,3502106
Wyoming,2004,24,100,22,321211
Alabama,2005,160,983,152,2899055
Alaska,2005,24,111,40,382565
Arizona,2005,256,1026,206,3704157
Arkansas,2005,112,629,119,1755313
California,2005,1539,4944,1736,22046720
Colorado,2005,216,730,247,2938592
Connecticut,2005,152,541,211,2272942
Delaware,2005,29,151,36,541851
District of Columbia,2005,32,106,41,369695
Florida,2005,756,3324,743,11819668
Georgia,2005,322,1663,367,5604242
Hawaii,2005,48,174,56,806534
Idaho,2005,56,235,48,869082
Illinois,2005,479,2362,471,7966227
Indiana,2005,233,1300,229,3913195
Iowa,2005,128,570,94,1887732
Kansas,2005,111,542,120,1685072
Kentucky,2005,133,1012,153,2675718
Louisiana,2005,165,898,170,2663520
Maine,2005,53,267,80,891125
Maryland,2005,198,897,202,3545971
Massachusetts,2005,276,1142,356,4187314
Michigan,2005,423,2058,516,6379828
Minnesota,2005,241,919,252,3249410
Mississippi,2005,94,597,99,1758458
Missouri,2005,246,1300,255,3671275
Montana,2005,49,200,59,605606
Nebraska,2005,81,319,65,1083695
Nevada,2005,108,486,117,1551580
New Hampshire,2005,53,221,69,860562
New Jersey,2005,289,1393,352,5639515
New Mexico,2005,79,322,75,1183171
New York,2005,689,3333,1048,12383739
North Carolina,2005,303,1721,369,5515308
North Dakota,2005,27,115,17,394935
Ohio,2005,450,2418,522,7288639
Oklahoma,2005,130,808,125,2187319
Oregon,2005,128,623,225,2383671
Pennsylvania,2005,434,2483,579,8088579
Rhode Island,2005,48,192,69,687555
South Carolina,2005,169,921,152,2698757
South Dakota,2005,37,150,25,477378
Tennessee,2005,209,1479,283,3851545
Texas,2005,926,4238,705,13620520
Utah,2005,77,294,66,1353274
Vermont,2005,27,116,45,414171
Virginia,2005,275,1347,264,4767472
Washington,2005,257,1087,342,4037966
West Virginia,2005,60,499,70,1219878
Wisconsin,2005,230,1138,226,3530390
Wyoming,2005,23,108,23,324179
Alabama,2006,156,1002,163,2919719
Alaska,2006,24,116,40,395433
Arizona,2006,241,1107,229,3852843
Arkansas,2006,117,633,124,1778618
California,2006,1526,5099,1726,22275311
Colorado,2006,229,860,263,3028921
Connecticut,2006,149,567,165,2273192
Delaware,2006,30,155,41,547985
District of Columbia,2006,32,108,42,377906
Florida,2006,720,3481,760,12041147
Georgia,2006,332,1793,408,5761385
Hawaii,2006,61,184,47,819708
Idaho,2006,55,227,47,893079
Illinois,2006,535,2387,499,8011425
Indiana,2006,233,1320,254,3967335
Iowa,2006,140,566,85,1882850
Kansas,2006,111,525,99,1693284
Kentucky,2006,136,979,184,2710811
Louisiana,2006,167,856,182,2604053
Maine,2006,54,272,74,894906
Maryland,2006,226,930,211,3571216
Massachusetts,2006,306,1047,375,4200845
Michigan,2006,426,1934,517,6401469
Minnesota,2006,245,961,248,3276237
Mississippi,2006,92,588,91,1756337
Missouri,2006,237,1256,266,3701021
Montana,2006,45,179,49,611324
Nebraska,2006,76,313,58,1085658
Nevada,2006,109,484,120,1609285
New Hampshire,2006,57,223,81,868239
New Jersey,2006,301,1437,344,5662105
New Mexico,2006,76,324,82,1198968
New York,2006,663,3120,986,12397704
North Carolina,2006,302,1766,355,5664014
North Dakota,2006,29,111,19,388842
Ohio,2006,484,2459,516,7315244
Oklahoma,2006,123,810,129,2202862
Oregon,2006,134,666,231,2436662
Pennsylvania,2006,422,2451,501,8099649
Rhode Island,2006,48,195,73,683457
South Carolina,2006,179,927,160,2759373
South Dakota,2006,36,146,25,484977
Tennessee,2006,238,1417,276,3921118
Texas,2006,856,4201,693,13969152
Utah,2006,74,283,58,1398474
Vermont,2006,27,116,44,415768
Virginia,2006,288,1332,318,4833297
Washington,2006,260,1087,343,4127451
West Virginia,2006,60,464,72,1221268
Wisconsin,2006,260,1125,236,3562535
Wyoming,2006,25,116,23,327096
Alabama,2007,158,956,163,2945019
Alaska,2007,25,119,46,402686
Arizona,2007,259,1108,275,3970487
Arkansas,2007,101,655,140,1798383
California,2007,1389,5074,1782,22463775
Colorado,2007,222,905,299,3099040
Connecticut,2007,152,583,169,2270009
Delaware,2007,33,168,43,555898
District of Columbia,2007,31,113,43,382077
Florida,2007,764,3501,849,12159193
Georgia,2007,325,1884,440,5874242
Hawaii,2007,59,194,59,828347
Idaho,2007,51,230,55,913888
Illinois,2007,547,2356,533,8046718
Indiana,2007,222,1313,279,4001008
Iowa,2007,127,542,70,1894591
Kansas,2007,108,501,95,1708875
Kentucky,2007,129,1055,191,2745161
Louisiana,2007,163,831,162,2648484
Maine,2007,50,266,75,897986
Maryland,2007,234,902,258,3582541
Massachusetts,2007,278,987,329,4219456
Michigan,2007,406,1923,497,6405116
Minnesota,2007,267,948,245,3308617
Mississippi,2007,91,568,84,1764673
Missouri,2007,232,1219,242,3738674
Montana,2007,44,181,50,621245
Nebraska,2007,74,310,61,1092664
Nevada,2007,111,501,128,1646368
New Hampshire,2007,53,228,87,872225
New Jersey,2007,313,1457,299,5652902
New Mexico,2007,75,311,76,1217991
New York,2007,702,2959,940,12500501
North Carolina,2007,328,1841,407,5782173
North Dakota,2007,26,109,19,391328
Ohio,2007,483,2465,494,7350420
Oklahoma,2007,122,737,129,2229744
Oregon,2007,161,737,253,2477185
Pennsylvania,2007,444,2484,472,8116495
Rhode Island,2007,42,187,70,680188
South Carolina,2007,180,905,163,2817192
South Dakota,2007,34,143,24,494494
Tennessee,2007,223,1370,296,3996018
Texas,2007,810,4020,698,14256754
Utah,2007,77,263,58,1458451
Vermont,2007,24,116,44,417049
Virginia,2007,302,1302,316,4873378
Washington,2007,278,1113,376,4199736
West Virginia,2007,63,448,74,1224679
Wisconsin,2007,248,1130,248,3601989
Wyoming,2007,24,115,20,332809
Alabama,2008,162,991,175,2974610
Alaska,2008,28,118,52,409778
Arizona,2008,253,1028,295,4050064
Arkansas,2008,101,651,143,1818264
California,2008,1492,5063,2010,22568441
Colorado,2008,230,831,340,3153539
Connecticut,2008,164,560,188,2276860
Delaware,2008,36,167,41,564013
District of Columbia,2008,31,107,39,385608
Florida,2008,745,3292,905,12261205
Georgia,2008,341,1742,486,5963681
Hawaii,2008,53,177,72,828273
Idaho,2008,54,249,67,930335
Illinois,2008,500,2295,566,8068047
Indiana,2008,225,1283,286,4034745
Iowa,2008,132,572,93,1905387
Kansas,2008,108,516,103,1723761
Kentucky,2008,137,1064,169,2771834
Louisiana,2008,162,853,150,2716104
Maine,2008,50,264,89,902774
Maryland,2008,220,857,252,3612130
Massachusetts,2008,242,1017,418,4263188
Michigan,2008,412,1931,545,6402870
Minnesota,2008,254,872,232,3344152
Mississippi,2008,96,573,94,1778519
Missouri,2008,238,1233,251,3786858
Montana,2008,47,189,51,629651
Nebraska,2008,76,316,67,1100620
Nevada,2008,109,480,129,1668924
New Hampshire,2008,53,241,93,880070
New Jersey,2008,314,1391,321,5658877
New Mexico,2008,87,315,84,1230799
New York,2008,799,2972,1048,12574826
North Carolina,2008,310,1865,423,5878891
North Dakota,2008,24,114,19,395073
Ohio,2008,463,2351,483,7401492
Oklahoma,2008,140,790,161,2253581
Oregon,2008,181,741,261,2507377
Pennsylvania,2008,455,2513,543,8192882
Rhode Island,2008,46,173,64,679594
South Carolina,2008,202,907,184,2872669
South Dakota,2008,38,151,28,500732
Tennessee,2008,215,1379,281,4049989
Texas,2008,850,3981,769,14523007
Utah,2008,74,282,62,1500232
Vermont,2008,26,111,46,419240
Virginia,2008,319,1332,311,4928699
Washington,2008,251,1123,387,4262578
West Virginia,2008,67,473,85,1229556
Wisconsin,2008,234,1082,248,3632151
Wyoming,2008,23,114,21,339021
Alabama,2009,178,996,191,2993410
Alaska,2009,28,132,58,414553
Arizona,2009,269,1067,328,4111148
Arkansas,2009,102,625,123,1833369
California,2009,1566,4813,2234,22773074
Colorado,2009,227,828,400,3192744
Connecticut,2009,148,552,213,2285109
Delaware,2009,34,165,46,572665
District of Columbia,2009,33,108,47,392811
Florida,2009,739,3244,952,12361513
Georgia,2009,320,1596,439,6022823
Hawaii,2009,53,180,68,827725
Idaho,2009,58,258,83,939631
Illinois,2009,475,2292,599,8097288
Indiana,2009,245,1219,274,4047093
Iowa,2009,124,581,105,1908202
Kansas,2009,110,525,105,1730522
Kentucky,2009,143,998,149,2781361
Louisiana,2009,154,838,153,2756163
Maine,2009,47,254,97,903556
Maryland,2009,202,877,224,3653639
Massachusetts,2009,286,979,509,4324616
Michigan,2009,430,1905,610,6398696
Minnesota,2009,219,874,240,3372460
Mississippi,2009,99,628,102,1784646
Missouri,2009,210,1320,269,3819620
Montana,2009,45,197,66,633252
Nebraska,2009,67,317,68,1106278
Nevada,2009,123,466,138,1680228
New Hampshire,2009,53,247,95,883622
New Jersey,2009,310,1417,398,5686972
New Mexico,2009,79,324,102,1244885
New York,2009,758,3004,1142,12648267
North Carolina,2009,317,1806,427,5935653
North Dakota,2009,25,109,19,397148
Ohio,2009,457,2281,499,7442306
Oklahoma,2009,147,832,173,2272080
Oregon,2009,175,705,294,2525156
Pennsylvania,2009,459,2514,603,8272159
Rhode Island,2009,51,177,75,684072
South Carolina,2009,218,886,213,2912325
South Dakota,2009,38,155,27,505557
Tennessee,2009,225,1424,274,4079971
Texas,2009,849,3897,875,14745138
Utah,2009,70,251,57,1528461
Vermont,2009,26,108,50,419057
Virginia,2009,330,1335,334,4976551
Washington,2009,226,1122,424,4324124
West Virginia,2009,62,502,92,1227612
Wisconsin,2009,228,984,246,3641561
Wyoming,2009,21,112,20,342522
Alabama,2010,128,990,183,3052348
Alaska,2010,30,140,58,424976
Arizona,2010,271,1080,368,4014024
Arkansas,2010,80,610,120,1851278
California,2010,1432,4391,2345,23321879
Colorado,2010,225,868,389,3212230
Connecticut,2010,147,592,201,2350212
Delaware,2010,28,171,49,583371
District of Columbia,2010,41,107,54,399778
Florida,2010,616,3306,947,12708633
Georgia,2010,266,1590,360,5997840
Hawaii,2010,55,181,72,878476
Idaho,2010,57,258,85,956472
Illinois,2010,465,2150,609,8165781
Indiana,2010,233,1202,292,4081667
Iowa,2010,130,522,121,1944254
Kansas,2010,101,524,111,1761207
Kentucky,2010,111,1035,168,2789768
Louisiana,2010,146,914,152,2810803
Maine,2010,43,256,92,913496
Maryland,2010,156,860,209,3742499
Massachusetts,2010,310,914,447,4320664
Michigan,2010,388,1939,611,6365041
Minnesota,2010,219,861,235,3419350
Mississippi,2010,81,646,121,1819793
Missouri,2010,170,1278,256,3823426
Montana,2010,45,195,79,651403
Nebraska,2010,57,313,65,1143103
Nevada,2010,138,471,177,1733566
New Hampshire,2010,47,227,80,883019
New Jersey,2010,323,1539,391,5785457
New Mexico,2010,75,308,122,1293249
New York,2010,716,3053,1111,12651349
North Carolina,2010,266,1753,423,6102077
North Dakota,2010,29,107,22,423460
Ohio,2010,461,2329,582,7436917
Oklahoma,2010,152,830,173,2336963
Oregon,2010,179,651,323,2544311
Pennsylvania,2010,508,2435,602,8359212
Rhode Island,2010,54,186,89,682132
South Carolina,2010,159,955,216,2966560
South Dakota,2010,39,152,28,509409
Tennessee,2010,212,1450,261,4110667
Texas,2010,815,3907,890,15188973
Utah,2010,52,237,67,1532125
Vermont,2010,24,108,54,420783
Virginia,2010,279,1288,321,5117877
Washington,2010,259,1146,486,4373484
West Virginia,2010,54,486,87,1252067
Wisconsin,2010,229,951,243,3678180
Wyoming,2010,22,108,23,358902
Alabama,2011,125,1010,193,3073532
Alaska,2011,33,137,69,432040
Arizona,2011,249,1076,343,4077362
Arkansas,2011,82,601,119,1864363
California,2011,1401,4479,2387,23658234
Colorado,2011,225,922,397,3270160
Connecticut,2011,160,583,221,2363818
Delaware,2011,34,166,56,590737
District of Columbia,2011,45,102,60,411604
Florida,2011,655,3213,1006,12916437
Georgia,2011,270,1640,391,6074730
Hawaii,2011,53,173,90,887821
Idaho,2011,56,258,63,969335
Illinois,2011,516,2169,631,8215103
Indiana,2011,236,1382,302,4108332
Iowa,2011,123,506,131,1956812
Kansas,2011,93,524,91,1772671
Kentucky,2011,126,1086,179,2803041
Louisiana,2011,162,977,198,2841017
Maine,2011,50,259,101,918180
Maryland,2011,198,878,239,3789736
Massachusetts,2011,300,1024,468,4368462
Michigan,2011,398,1981,652,6392662
Minnesota,2011,218,899,276,3457060
Mississippi,2011,80,670,113,1830270
Missouri,2011,202,1232,261,3846810
Montana,2011,45,195,80,657558
Nebraska,2011,69,301,68,1153600
Nevada,2011,141,478,199,1757473
New Hampshire,2011,49,225,88,888797
New Jersey,2011,331,1345,380,5826415
New Mexico,2011,82,327,138,1303353
New York,2011,735,3060,1239,12760358
North Carolina,2011,245,1755,405,6176978
North Dakota,2011,30,123,25,430829
Ohio,2011,453,2424,697,7466946
Oklahoma,2011,178,848,176,2358834
Oregon,2011,171,677,368,2575672
Pennsylvania,2011,468,2515,624,8405726
Rhode Island,2011,51,190,98,684237
South Carolina,2011,154,1019,240,3005444
South Dakota,2011,40,162,36,516437
Tennessee,2011,209,1398,250,4150263
Texas,2011,852,3826,930,15484139
Utah,2011,59,308,74,1563689
Vermont,2011,22,113,60,422511
Virginia,2011,260,1295,336,5187508
Washington,2011,296,1065,524,4437371
West Virginia,2011,58,469,84,1253581
Wisconsin,2011,234,1003,258,3706797
Wyoming,2011,23,116,28,364101
Alabama,2012,170,1006,213,3094837
Alaska,2012,29,133,75,434523
Arizona,2012,272,985,392,4141839
Arkansas,2012,91,649,128,1873816
California,2012,1559,4538,2421,24005740
Colorado,2012,219,913,499,3332461
Connecticut,2012,152,513,231,2375197
Delaware,2012,36,171,57,599773
District of Columbia,2012,48,116,69,424447
Florida,2012,734,3141,1063,13133353
Georgia,2012,305,1695,518,6155586
Hawaii,2012,60,177,93,896059
Idaho,2012,59,251,66,983206
Illinois,2012,472,2176,677,8256950
Indiana,2012,252,1361,300,4135390
Iowa,2012,103,529,133,1968010
Kansas,2012,114,504,90,1779494
Kentucky,2012,144,1009,175,2815636
Louisiana,2012,155,927,219,2870080
Maine,2012,50,247,121,923093
Maryland,2012,224,835,282,3837914
Massachusetts,2012,272,998,487,4420226
Michigan,2012,396,1932,755,6419614
Minnesota,2012,204,916,302,3494114
Mississippi,2012,96,700,102,1839846
Missouri,2012,227,1325,307,3869695
Montana,2012,47,203,84,663344
Nebraska,2012,79,303,75,1162770
Nevada,2012,129,501,200,1788826
New Hampshire,2012,55,222,95,894572
New Jersey,2012,347,1181,400,5868068
New Mexico,2012,87,354,153,1308966
New York,2012,754,3092,1367,12875810
North Carolina,2012,319,1719,480,6254266
North Dakota,2012,30,130,27,439830
Ohio,2012,426,2411,729,7496795
Oklahoma,2012,159,864,163,2381640
Oregon,2012,165,717,432,2606713
Pennsylvania,2012,462,2499,640,8449649
Rhode Island,2012,50,185,106,687705
South Carolina,2012,163,944,245,3047485
South Dakota,2012,36,162,36,523437
Tennessee,2012,204,1344,290,4187386
Texas,2012,945,3854,972,15777963
Utah,2012,71,345,93,1593468
Vermont,2012,23,110,60,423650
Virginia,2012,337,1469,460,5256298
Washington,2012,310,1081,643,4498893
West Virginia,2012,67,485,94,1253753
Wisconsin,2012,254,1063,284,3732300
Wyoming,2012,26,120,27,369343
Alabama,2013,164,1011,221,3116298
Alaska,2013,27,129,73,435577
Arizona,2013,304,940,439,4218271
Arkansas,2013,89,703,162,1883371
California,2013,1460,4493,2664,24421137
Colorado,2013,234,856,571,3398728
Connecticut,2013,144,490,234,2382534
Delaware,2013,32,175,60,610148
District of Columbia,2013,40,119,77,435643
Florida,2013,755,3318,1128,13387121
Georgia,2013,355,1647,561,6240700
Hawaii,2013,57,185,92,904925
Idaho,2013,61,252,85,999689
Illinois,2013,454,2136,746,8297420
Indiana,2013,250,1252,369,4164196
Iowa,2013,105,542,124,1979684
Kansas,2013,122,489,138,1786820
Kentucky,2013,138,990,231,2832115
Louisiana,2013,166,876,239,2899670
Maine,2013,46,241,155,928319
Maryland,2013,243,853,372,3882314
Massachusetts,2013,255,931,579,4469726
Michigan,2013,349,1881,793,6446918
Minnesota,2013,198,937,315,3529926
Mississippi,2013,101,647,117,1849489
Missouri,2013,222,1311,362,3894492
Montana,2013,45,191,77,669411
Nebraska,2013,78,327,80,1171452
Nevada,2013,116,502,182,1826942
New Hampshire,2013,59,210,113,900190
New Jersey,2013,357,1283,485,5907201
New Mexico,2013,84,346,168,1314755
New York,2013,795,3118,1443,12988411
North Carolina,2013,352,1653,580,6339066
North Dakota,2013,30,130,29,448656
Ohio,2013,460,2408,635,7534236
Oklahoma,2013,146,835,181,2404755
Oregon,2013,167,680,439,2641759
Pennsylvania,2013,499,2313,704,8494600
Rhode Island,2013,46,166,100,692945
South Carolina,2013,170,914,265,3096686
South Dakota,2013,36,149,33,529318
Tennessee,2013,200,1254,322,4226870
Texas,2013,981,3931,1032,16119667
Utah,2013,75,301,111,1623929
Vermont,2013,26,106,66,424696
Virginia,2013,331,1499,523,5318077
Washington,2013,273,1113,741,4566571
West Virginia,2013,72,472,104,1252711
Wisconsin,2013,256,1051,309,3753413
Wyoming,2013,25,118,29,371861
Alabama,2014,129,979,214,3138127
Alaska,2014,31,142,82,438664
Arizona,2014,265,995,430,4307838
Arkansas,2014,82,679,169,1895228
California,2014,1510,4526,3046,24866806
Colorado,2014,248,873,691,3473655
Connecticut,2014,153,513,272,2387658
Delaware,2014,32,166,57,621612
District of Columbia,2014,34,111,88,444939
Florida,2014,767,3206,1311,13702886
Georgia,2014,319,1716,625,6338910
Hawaii,2014,45,177,95,916539
Idaho,2014,56,229,88,1017451
Illinois,2014,457,2034,777,8326464
Indiana,2014,218,1322,436,4189743
Iowa,2014,112,543,114,1990458
Kansas,2014,95,451,167,1795749
Kentucky,2014,150,1015,274,2847963
Louisiana,2014,188,949,249,2928109
Maine,2014,44,226,158,932783
Maryland,2014,247,950,447,3923318
Massachusetts,2014,274,921,648,4519295
Michigan,2014,325,1798,783,6479469
Minnesota,2014,203,921,327,3562031
Mississippi,2014,90,624,115,1859652
Missouri,2014,217,1220,407,3918803
Montana,2014,42,183,84,676207
Nebraska,2014,74,330,86,1179809
Nevada,2014,108,480,191,1872598
New Hampshire,2014,60,221,123,905672
New Jersey,2014,306,1249,515,5945550
New Mexico,2014,85,324,157,1322519
New York,2014,779,3142,1530,13092078
North Carolina,2014,306,1701,554,6428523
North Dakota,2014,28,137,27,457339
Ohio,2014,463,2342,681,7573265
Oklahoma,2014,142,802,202,2427465
Oregon,2014,174,602,443,2686806
Pennsylvania,2014,494,2296,786,8539968
Rhode Island,2014,43,163,101,698360
South Carolina,2014,176,914,298,3154439
South Dakota,2014,36,150,41,534674
Tennessee,2014,206,1252,360,4272566
Texas,2014,907,3982,1166,16501892
Utah,2014,68,273,104,1657347
Vermont,2014,25,114,68,425449
Virginia,2014,281,1381,455,5378367
Washington,2014,236,1045,693,4652511
West Virginia,2014,61,475,101,1251012
Wisconsin,2014,250,967,320,3771577
Wyoming,2014,21,118,29,373558
Alabama,2015,115,951,212,3159474
Alaska,2015,30,137,89,444143
Arizona,2015,206,981,417,4399565
Arkansas,2015,86,639,166,1908182
California,2015,1549,4405,3399,25184187
Colorado,2015,213,751,705,3551363
Connecticut,2015,155,533,252,2387609
Delaware,2015,37,148,61,632438
District of Columbia,2015,36,102,91,453192
Florida,2015,753,3000,1432,14028654
Georgia,2015,265,1682,617,6443651
Hawaii,2015,42,173,100,926174
Idaho,2015,53,223,97,1038291
Illinois,2015,428,1945,753,8331898
Indiana,2015,198,1259,435,4212004
Iowa,2015,118,570,133,1999854
Kansas,2015,76,464,147,1803253
Kentucky,2015,143,1023,290,2865061
Louisiana,2015,189,961,250,2954805
Maine,2015,49,227,161,936729
Maryland,2015,219,884,457,3951408
Massachusetts,2015,324,925,672,4556470
Michigan,2015,345,1820,821,6511669
Minnesota,2015,184,865,354,3589691
Mississippi,2015,80,615,130,1870263
Missouri,2015,207,1200,398,3941380
Montana,2015,45,200,105,684598
Nebraska,2015,64,329,95,1187602
Nevada,2015,92,476,202,1916967
New Hampshire,2015,50,222,130,911511
New Jersey,2015,249,1152,517,5965066
New Mexico,2015,90,345,173,1329649
New York,2015,741,3005,1503,13150285
North Carolina,2015,281,1752,589,6532379
North Dakota,2015,29,136,29,463569
Ohio,2015,430,2343,832,7605364
Oklahoma,2015,126,813,208,2448662
Oregon,2015,186,623,548,2739602
Pennsylvania,2015,428,2378,877,8572327
Rhode Island,2015,45,171,117,702577
South Carolina,2015,172,920,255,3219369
South Dakota,2015,37,161,50,539708
Tennessee,2015,198,1389,442,4323137
Texas,2015,783,4162,1229,16842117
Utah,2015,62,275,116,1695021
Vermont,2015,24,116,76,425544
Virginia,2015,286,1331,429,5430166
Washington,2015,253,953,784,4751278
West Virginia,2015,47,499,111,1248039
Wisconsin,2015,248,1007,339,3787384
Wyoming,2015,22,109,29,375070
Alabama,2016,137,1014,257,3179298
Alaska,2016,29,125,93,450641
Arizona,2016,223,998,518,4489709
Arkansas,2016,99,635,201,1922394
California,2016,1322,4339,3730,25492189
Colorado,2016,212,727,794,3629008
Connecticut,2016,136,516,280,2395872
Delaware,2016,39,146,75,642469
District of Columbia,2016,40,111,102,463974
Florida,2016,713,3066,1534,14351670
Georgia,2016,279,1668,572,6555271
Hawaii,2016,44,163,106,934643
Idaho,2016,60,247,107,1062401
Illinois,2016,481,1958,870,8352680
Indiana,2016,201,1198,473,4240275
Iowa,2016,128,543,162,2008814
Kansas,2016,89,472,162,1811408
Kentucky,2016,135,1022,300,2883972
Louisiana,2016,179,963,290,2976965
Maine,2016,50,229,182,942340
Maryland,2016,201,784,478,3982694
Massachusetts,2016,296,964,737,4598419
Michigan,2016,342,1830,879,6555498
Minnesota,2016,164,834,391,3625172
Mississippi,2016,79,638,166,1879442
Missouri,2016,201,1139,438,3967539
Montana,2016,49,190,115,693178
Nebraska,2016,61,328,96,1196562
Nevada,2016,101,508,282,1964559
New Hampshire,2016,51,206,139,920285
New Jersey,2016,248,1281,526,6001097
New Mexico,2016,76,355,202,1338531
New York,2016,716,2685,1491,13244748
North Carolina,2016,285,1702,630,6651709
North Dakota,2016,27,126,38,466368
Ohio,2016,392,2300,814,7643985
Oklahoma,2016,141,760,228,2464143
Oregon,2016,200,658,680,2791313
Pennsylvania,2016,389,2360,890,8602887
Rhode Island,2016,44,163,122,707314
South Carolina,2016,162,923,279,3284833
South Dakota,2016,38,163,52,544008
Tennessee,2016,196,1383,465,4382664
Texas,2016,722,4189,1354,17182224
Utah,2016,79,280,133,1736486
Vermont,2016,26,109,85,426296
Virginia,2016,277,1191,486,5486815
Washington,2016,283,1022,986,4859213
West Virginia,2016,50,497,134,1242852
Wisconsin,2016,239,1003,375,3806407
Wyoming,2016,22,103,36,375321
Alabama,2017,145,1017,338,3201636
Alaska,2017,30,115,101,454286
Arizona,2017,231,1026,677,4599057
Arkansas,2017,98,644,222,1937651
California,2017,1455,4116,4005,25769686
Colorado,2017,296,816,904,3708548
Connecticut,2017,131,489,342,2405282
Delaware,2017,40,163,91,651806
District of Columbia,2017,47,109,106,474297
Florida,2017,632,3105,1722,14656396
Georgia,2017,289,1650,724,6661559
Hawaii,2017,45,156,120,938835
Idaho,2017,57,250,126,1089805
Illinois,2017,473,1831,1031,8380092
Indiana,2017,184,1240,533,4276407
Iowa,2017,120,543,187,2020666
Kansas,2017,85,483,204,1819258
Kentucky,2017,129,996,312,2903588
Louisiana,2017,188,940,297,2987835
Maine,2017,55,218,203,948984
Maryland,2017,184,787,456,4007455
Massachusetts,2017,277,946,768,4649494
Michigan,2017,332,1705,1011,6612857
Minnesota,2017,174,812,462,3665430
Mississippi,2017,80,646,178,1887440
Missouri,2017,194,1098,484,3997148
Montana,2017,49,178,119,702611
Nebraska,2017,62,307,112,1206583
Nevada,2017,105,537,397,2008499
New Hampshire,2017,55,192,160,933100
New Jersey,2017,263,1167,557,6010331
New Mexico,2017,66,348,225,1351993
New York,2017,680,2432,1589,13260774
North Carolina,2017,312,1724,691,6764669
North Dakota,2017,27,128,43,469643
Ohio,2017,364,2144,823,7695525
Oklahoma,2017,140,754,255,2479838
Oregon,2017,199,608,723,2839447
Pennsylvania,2017,398,2228,986,8642237
Rhode Island,2017,44,147,124,711511
South Carolina,2017,171,940,383,3345950
South Dakota,2017,34,151,52,550564
Tennessee,2017,193,1316,473,4443021
Texas,2017,734,4059,1498,17545587
Utah,2017,72,295,147,1780017
Vermont,2017,29,101,91,428613
Virginia,2017,265,1121,498,5542540
Washington,2017,272,1135,1052,4970994
West Virginia,2017,49,452,154,1238942
Wisconsin,2017,235,934,423,3833603
Wyoming,2017,19,104,39,375569
Alabama,2018,167,1012,417,3225318
Alaska,2018,31,113,106,455906
Arizona,2018,212,958,666,4715857
Arkansas,2018,93,619,230,1949363
California,2018,1586,3880,4476,25917724
Colorado,2018,302,819,903,3782655
Connecticut,2018,138,474,377,2408141
Delaware,2018,39,159,101,659878
District of Columbia,2018,43,95,115,479448
Florida,2018,564,3120,1890,14896983
Georgia,2018,298,1587,873,6756292
Hawaii,2018,52,175,135,939985
Idaho,2018,58,238,133,1119507
Illinois,2018,445,1831,1170,8378609
Indiana,2018,228,1304,603,4312382
Iowa,2018,105,554,199,2032017
Kansas,2018,86,495,226,1827127
Kentucky,2018,142,974,378,2917791
Louisiana,2018,168,929,304,2992047
Maine,2018,51,202,214,955772
Maryland,2018,189,837,521,4017859
Massachusetts,2018,261,875,874,4680619
Michigan,2018,362,1693,1189,6657456
Minnesota,2018,193,816,506,3698785
Mississippi,2018,89,631,195,1894943
Missouri,2018,199,1041,506,4022731
Montana,2018,50,205,124,712413
Nebraska,2018,64,297,133,1215009
Nevada,2018,121,463,451,2046371
New Hampshire,2018,54,190,173,945381
New Jersey,2018,244,1003,651,5989388
New Mexico,2018,68,340,250,1364936
New York,2018,645,2469,1913,13191928
North Carolina,2018,341,1821,885,6865689
North Dakota,2018,27,127,47,473049
Ohio,2018,377,2207,1021,7734940
Oklahoma,2018,130,794,328,2497934
Oregon,2018,192,621,718,2880798
Pennsylvania,2018,406,2184,1207,8675385
Rhode Island,2018,43,152,145,714973
South Carolina,2018,169,968,439,3407157
South Dakota,2018,30,141,48,557354
Tennessee,2018,205,1274,523,4497884
Texas,2018,779,4015,1774,17862401
Utah,2018,70,282,178,1821899
Vermont,2018,27,97,100,430733
Virginia,2018,267,1234,518,5581639
Washington,2018,282,1150,1199,5065742
West Virginia,2018,46,438,144,1235448
Wisconsin,2018,217,917,466,3861670
Wyoming,2018,22,107,38,377084
